Id,louvain_group,annotation
AT1G04480,0,Protein biosynthesis / ribosome biogenesis
AT2G01250,0,Protein biosynthesis / ribosome biogenesis
AT3G17930,8,Photosynthesis
AT2G09990,0,Protein biosynthesis / ribosome biogenesis
AT5G23900,0,Protein biosynthesis / ribosome biogenesis
AT5G55140,12,Cellular respiration / oxidative phosphorylation
AT5G16400,8,Photosynthesis
AT5G58260,8,Photosynthesis
AT4G28025,8,Photosynthesis
AT5G44650,8,Photosynthesis
AT3G48420,6,Photosynthesis
AT4G01690,6,Photosynthesis
AT1G29930,9,Photosynthesis / photophosphorylation
AT3G27690,9,Photosynthesis / photophosphorylation
AT1G03680,6,Photosynthesis
AT4G25050,6,Photosynthesis
AT1G70760,8,Photosynthesis
AT5G43750,8,Photosynthesis
AT3G06680,0,Protein biosynthesis / ribosome biogenesis
AT4G16720,0,Protein biosynthesis / ribosome biogenesis
AT5G52780,8,Photosynthesis
AT2G47450,6,Photosynthesis
AT3G55040,6,Photosynthesis
AT2G20270,1,mixed
AT3G02780,1,mixed
AT5G08410,8,Photosynthesis
AT2G44050,6,Photosynthesis
AT3G51510,8,Photosynthesis
AT5G18380,0,Protein biosynthesis / ribosome biogenesis
AT5G52650,0,Protein biosynthesis / ribosome biogenesis
AT3G10060,6,Photosynthesis
AT3G51140,6,Photosynthesis
AT1G22700,11,Photosynthesis
AT1G74270,0,Protein biosynthesis / ribosome biogenesis
AT2G05220,0,Protein biosynthesis / ribosome biogenesis
AT4G34090,8,Photosynthesis
AT3G08740,6,Photosynthesis
AT5G14060,6,Photosynthesis
AT2G36620,4,Protein biosynthesis / ribosome biogenesis
AT4G00810,4,Protein biosynthesis / ribosome biogenesis
AT1G78380,3,mixed
AT2G29450,3,mixed
AT5G62720,8,Photosynthesis
AT5G47190,8,Photosynthesis
AT3G52590,4,Protein biosynthesis / ribosome biogenesis
AT4G05320,4,Protein biosynthesis / ribosome biogenesis
AT3G24590,10,Photosynthesis
AT5G52440,10,Photosynthesis
AT2G36880,4,Protein biosynthesis / ribosome biogenesis
AT3G53870,4,Protein biosynthesis / ribosome biogenesis
AT4G04330,8,Photosynthesis
AT5G20935,8,Photosynthesis
AT5G12860,8,Photosynthesis
AT3G27830,6,Photosynthesis
AT3G63190,6,Photosynthesis
AT4G18480,6,Photosynthesis
AT3G26580,8,Photosynthesis
AT4G31560,8,Photosynthesis
AT1G14980,1,mixed
AT5G20720,1,mixed
AT1G22270,15,Protein physical control / plastidial protein translocation and insertion
AT3G06610,15,Protein physical control / plastidial protein translocation and insertion
AT1G65290,2,mixed
AT2G44620,0,Protein biosynthesis / ribosome biogenesis
AT1G54630,8,Photosynthesis
AT1G53670,6,Photosynthesis
AT3G05560,4,Protein biosynthesis / ribosome biogenesis
AT5G61170,4,Protein biosynthesis / ribosome biogenesis
AT4G15510,8,Photosynthesis
AT5G07090,0,Protein biosynthesis / ribosome biogenesis
AT5G22440,4,Protein biosynthesis / ribosome biogenesis
AT1G58080,8,Photosynthesis
AT2G28800,8,Photosynthesis
AT5G07020,10,Photosynthesis
AT2G46820,6,Photosynthesis
AT4G03520,6,Photosynthesis
AT3G18740,0,Protein biosynthesis / ribosome biogenesis
AT3G62870,0,Protein biosynthesis / ribosome biogenesis
AT2G06520,6,Photosynthesis
AT4G05180,6,Photosynthesis
AT1G65930,2,mixed
AT2G36530,2,mixed
AT3G56010,18,Cellular respiration / oxidative phosphorylation
AT5G27280,18,Cellular respiration / oxidative phosphorylation
AT1G15930,4,Protein biosynthesis / ribosome biogenesis
AT2G47610,4,Protein biosynthesis / ribosome biogenesis
AT2G04700,8,Photosynthesis
AT2G28000,1,mixed
AT4G33010,1,mixed
AT3G03070,12,Cellular respiration / oxidative phosphorylation
AT4G28730,6,Photosynthesis
AT2G21330,1,mixed
AT3G55440,2,mixed
AT3G63410,6,Photosynthesis
AT2G43090,18,Cellular respiration / oxidative phosphorylation
AT5G13510,6,Photosynthesis
AT1G19740,8,Photosynthesis
AT5G19370,8,Photosynthesis
AT1G49410,12,Cellular respiration / oxidative phosphorylation
AT2G31490,12,Cellular respiration / oxidative phosphorylation
AT1G07770,0,Protein biosynthesis / ribosome biogenesis
AT2G19740,0,Protein biosynthesis / ribosome biogenesis
AT2G47110,4,Protein biosynthesis / ribosome biogenesis
AT3G62250,4,Protein biosynthesis / ribosome biogenesis
AT1G10500,8,Photosynthesis
AT1G30380,6,Photosynthesis
AT1G79040,6,Photosynthesis
AT2G42750,6,Photosynthesis
AT3G26900,6,Photosynthesis
AT3G02190,0,Protein biosynthesis / ribosome biogenesis
AT5G19760,18,Cellular respiration / oxidative phosphorylation
AT5G23040,18,Cellular respiration / oxidative phosphorylation
AT2G21970,8,Photosynthesis
AT3G62410,6,Photosynthesis
AT3G20390,2,mixed
AT3G52300,2,mixed
AT3G03100,0,Protein biosynthesis / ribosome biogenesis
AT3G12260,0,Protein biosynthesis / ribosome biogenesis
AT3G24830,0,Protein biosynthesis / ribosome biogenesis
AT3G60245,0,Protein biosynthesis / ribosome biogenesis
AT1G73060,18,Cellular respiration / oxidative phosphorylation
AT5G23060,18,Cellular respiration / oxidative phosphorylation
AT2G46910,6,Photosynthesis
AT1G16720,8,Photosynthesis
AT1G32550,8,Photosynthesis
AT2G26500,6,Photosynthesis
AT4G34190,8,Photosynthesis
AT3G46780,6,Photosynthesis
AT3G52150,6,Photosynthesis
AT1G32070,13,mixed
AT1G08570,11,Photosynthesis
AT1G55480,11,Photosynthesis
AT5G38470,-1,mixed
AT1G69620,0,Protein biosynthesis / ribosome biogenesis
AT3G28900,0,Protein biosynthesis / ribosome biogenesis
AT5G28500,8,Photosynthesis
AT3G12345,8,Photosynthesis
AT4G34720,5,Solute transport
AT4G38920,5,Solute transport
AT4G10920,16,mixed
AT4G26110,16,mixed
AT1G23490,7,Cytoskeleton organisation
AT2G47170,7,Cytoskeleton organisation
AT4G01940,18,Cellular respiration / oxidative phosphorylation
AT5G13430,18,Cellular respiration / oxidative phosphorylation
AT4G05050,4,Protein biosynthesis / ribosome biogenesis
AT5G03240,4,Protein biosynthesis / ribosome biogenesis
AT5G47890,18,Cellular respiration / oxidative phosphorylation
AT2G20890,18,Cellular respiration / oxidative phosphorylation
AT1G50320,6,Photosynthesis
AT4G22310,0,Protein biosynthesis / ribosome biogenesis
AT3G52380,6,Photosynthesis
AT3G55750,0,Protein biosynthesis / ribosome biogenesis
AT4G15000,0,Protein biosynthesis / ribosome biogenesis
AT1G29070,1,mixed
AT2G24090,6,Photosynthesis
AT5G41700,20,Protein physical control / mitochondrial protein translocation and insertion
AT5G53300,20,Protein physical control / mitochondrial protein translocation and insertion
AT5G60670,0,Protein biosynthesis / ribosome biogenesis
AT1G26880,4,Protein biosynthesis / ribosome biogenesis
AT1G04940,8,Photosynthesis
AT3G11630,6,Photosynthesis
AT1G02500,4,Protein biosynthesis / ribosome biogenesis
AT1G09690,0,Protein biosynthesis / ribosome biogenesis
AT3G11500,22,RNA processing
AT4G30220,22,RNA processing
AT3G56910,6,Photosynthesis
AT2G39470,8,Photosynthesis
AT2G17360,0,Protein biosynthesis / ribosome biogenesis
AT4G29670,8,Photosynthesis
AT1G33140,4,Protein biosynthesis / ribosome biogenesis
AT2G34480,4,Protein biosynthesis / ribosome biogenesis
AT4G14870,8,Photosynthesis
AT5G54290,8,Photosynthesis
AT4G25700,8,Photosynthesis
AT5G17230,8,Photosynthesis
AT4G17600,6,Photosynthesis
AT2G01110,10,Photosynthesis
AT4G37200,10,Photosynthesis
AT1G29390,18,Cellular respiration / oxidative phosphorylation
AT1G74730,18,Cellular respiration / oxidative phosphorylation
AT3G15360,6,Photosynthesis
AT3G26710,6,Photosynthesis
AT5G35170,6,Photosynthesis
AT3G53430,0,Protein biosynthesis / ribosome biogenesis
AT4G26230,0,Protein biosynthesis / ribosome biogenesis
AT1G76100,18,Cellular respiration / oxidative phosphorylation
AT2G40590,0,Protein biosynthesis / ribosome biogenesis
AT4G36130,0,Protein biosynthesis / ribosome biogenesis
AT3G14600,0,Protein biosynthesis / ribosome biogenesis
AT5G51545,8,Photosynthesis
AT1G52230,6,Photosynthesis
AT3G04790,6,Photosynthesis
AT3G52960,6,Photosynthesis
AT1G30120,2,mixed
AT4G22220,0,Protein biosynthesis / ribosome biogenesis
AT2G37190,4,Protein biosynthesis / ribosome biogenesis
AT1G29395,8,Photosynthesis
AT2G23350,19,Protein biosynthesis
AT1G07920,19,Protein biosynthesis
AT1G07940,19,Protein biosynthesis
AT2G27290,8,Photosynthesis
AT2G35260,8,Photosynthesis
AT5G02500,2,mixed
AT5G56010,2,mixed
AT3G53890,4,Protein biosynthesis / ribosome biogenesis
AT3G54900,8,Photosynthesis
AT1G11430,8,Photosynthesis
AT5G14910,8,Photosynthesis
AT3G07110,4,Protein biosynthesis / ribosome biogenesis
AT3G53460,6,Photosynthesis
AT1G34000,11,Photosynthesis
AT5G51110,11,Photosynthesis
AT3G04840,0,Protein biosynthesis / ribosome biogenesis
AT1G33120,4,Protein biosynthesis / ribosome biogenesis
AT4G10450,0,Protein biosynthesis / ribosome biogenesis
AT3G16640,2,mixed
AT2G32060,4,Protein biosynthesis / ribosome biogenesis
AT3G09200,4,Protein biosynthesis / ribosome biogenesis
AT4G12060,6,Photosynthesis
AT5G13120,6,Photosynthesis
AT5G03370,8,Photosynthesis
AT3G07480,0,Protein biosynthesis / ribosome biogenesis
AT3G59280,0,Protein biosynthesis / ribosome biogenesis
AT3G16080,0,Protein biosynthesis / ribosome biogenesis
AT4G31985,0,Protein biosynthesis / ribosome biogenesis
AT4G27090,4,Protein biosynthesis / ribosome biogenesis
AT4G27440,6,Photosynthesis
AT5G39210,11,Photosynthesis
AT1G75350,18,Cellular respiration / oxidative phosphorylation
AT5G49940,18,Cellular respiration / oxidative phosphorylation
AT1G43170,4,Protein biosynthesis / ribosome biogenesis
AT3G49910,4,Protein biosynthesis / ribosome biogenesis
AT3G55330,6,Photosynthesis
AT4G21860,6,Photosynthesis
AT2G01590,8,Photosynthesis
AT2G18020,4,Protein biosynthesis / ribosome biogenesis
AT1G67700,18,Cellular respiration / oxidative phosphorylation
AT2G30570,6,Photosynthesis
AT5G64040,6,Photosynthesis
AT3G18680,6,Photosynthesis
AT1G08480,12,Cellular respiration / oxidative phosphorylation
AT1G14450,12,Cellular respiration / oxidative phosphorylation
AT1G64150,8,Photosynthesis
AT2G47380,12,Cellular respiration / oxidative phosphorylation
AT4G25080,6,Photosynthesis
AT3G09630,4,Protein biosynthesis / ribosome biogenesis
AT4G12800,6,Photosynthesis
AT5G16150,8,Photosynthesis
AT2G16510,5,Solute transport
AT2G25610,5,Solute transport
AT2G33370,0,Protein biosynthesis / ribosome biogenesis
AT5G67510,0,Protein biosynthesis / ribosome biogenesis
AT5G21430,8,Photosynthesis
AT1G20340,6,Photosynthesis
AT5G38430,6,Photosynthesis
AT3G62290,7,Cytoskeleton organisation
AT3G63140,6,Photosynthesis
AT3G52580,4,Protein biosynthesis / ribosome biogenesis
AT4G22570,4,Protein biosynthesis / ribosome biogenesis
AT1G10960,8,Photosynthesis
AT5G40810,18,Cellular respiration / oxidative phosphorylation
AT1G02305,23,mixed
AT4G16190,23,mixed
AT1G50900,8,Photosynthesis
AT5G47110,8,Photosynthesis
AT1G09590,0,Protein biosynthesis / ribosome biogenesis
AT1G70600,0,Protein biosynthesis / ribosome biogenesis
AT5G23440,8,Photosynthesis
AT3G08610,12,Cellular respiration / oxidative phosphorylation
AT4G02890,4,Protein biosynthesis / ribosome biogenesis
AT3G10860,0,Protein biosynthesis / ribosome biogenesis
AT4G30010,12,Cellular respiration / oxidative phosphorylation
AT2G05100,9,Photosynthesis / photophosphorylation
AT3G61470,9,Photosynthesis / photophosphorylation
AT1G27400,4,Protein biosynthesis / ribosome biogenesis
AT1G18080,4,Protein biosynthesis / ribosome biogenesis
AT2G44120,4,Protein biosynthesis / ribosome biogenesis
AT2G41840,4,Protein biosynthesis / ribosome biogenesis
AT5G47840,6,Photosynthesis
AT4G39460,10,Photosynthesis
AT5G05200,10,Photosynthesis
AT3G60750,6,Photosynthesis
AT5G42790,0,Protein biosynthesis / ribosome biogenesis
AT1G54580,8,Photosynthesis
AT2G24060,8,Photosynthesis
AT5G14660,8,Photosynthesis
AT5G58250,8,Photosynthesis
AT4G11010,1,mixed
AT5G39950,1,mixed
AT1G75460,8,Photosynthesis
AT1G58290,8,Photosynthesis
AT3G16250,6,Photosynthesis
AT4G13170,0,Protein biosynthesis / ribosome biogenesis
AT4G17560,6,Photosynthesis
AT1G71500,18,Cellular respiration / oxidative phosphorylation
AT5G13450,18,Cellular respiration / oxidative phosphorylation
AT1G67090,6,Photosynthesis
AT5G17560,18,Cellular respiration / oxidative phosphorylation
AT4G24770,6,Photosynthesis
AT3G02730,6,Photosynthesis
AT5G16660,8,Photosynthesis
AT1G76860,22,RNA processing
AT2G04390,0,Protein biosynthesis / ribosome biogenesis
AT1G18540,4,Protein biosynthesis / ribosome biogenesis
AT5G02870,4,Protein biosynthesis / ribosome biogenesis
AT4G25740,0,Protein biosynthesis / ribosome biogenesis
AT1G75630,5,Solute transport
AT2G03680,0,Protein biosynthesis / ribosome biogenesis
AT3G02180,0,Protein biosynthesis / ribosome biogenesis
AT1G77930,8,Photosynthesis
AT5G64940,8,Photosynthesis
AT5G30510,8,Photosynthesis
AT4G00860,0,Protein biosynthesis / ribosome biogenesis
AT1G08360,0,Protein biosynthesis / ribosome biogenesis
AT3G48930,0,Protein biosynthesis / ribosome biogenesis
AT1G78900,0,Protein biosynthesis / ribosome biogenesis
AT3G10920,0,Protein biosynthesis / ribosome biogenesis
AT3G52730,0,Protein biosynthesis / ribosome biogenesis
AT5G17710,8,Photosynthesis
AT3G17390,4,Protein biosynthesis / ribosome biogenesis
AT5G48760,0,Protein biosynthesis / ribosome biogenesis
AT1G02780,4,Protein biosynthesis / ribosome biogenesis
AT3G53020,4,Protein biosynthesis / ribosome biogenesis
AT4G01050,6,Photosynthesis
AT4G26530,1,mixed
AT4G38970,1,mixed
AT4G17040,6,Photosynthesis
AT3G49870,7,Cytoskeleton organisation
AT5G67560,7,Cytoskeleton organisation
AT3G50820,6,Photosynthesis
AT5G54580,12,Cellular respiration / oxidative phosphorylation
AT3G62030,6,Photosynthesis
AT2G37600,0,Protein biosynthesis / ribosome biogenesis
AT1G76080,18,Cellular respiration / oxidative phosphorylation
AT3G16140,6,Photosynthesis
AT4G21280,6,Photosynthesis
AT3G04400,0,Protein biosynthesis / ribosome biogenesis
AT1G65980,19,Protein biosynthesis
AT4G35450,19,Protein biosynthesis
AT4G34730,8,Photosynthesis
AT3G27850,6,Photosynthesis
AT3G60770,4,Protein biosynthesis / ribosome biogenesis
AT4G33865,0,Protein biosynthesis / ribosome biogenesis
AT4G38100,8,Photosynthesis
AT1G77490,18,Cellular respiration / oxidative phosphorylation
AT5G38660,18,Cellular respiration / oxidative phosphorylation
AT3G02080,4,Protein biosynthesis / ribosome biogenesis
AT2G43560,6,Photosynthesis
AT3G15190,6,Photosynthesis
AT1G48830,4,Protein biosynthesis / ribosome biogenesis
AT1G14150,8,Photosynthesis
AT3G04120,2,mixed
AT1G19150,9,Photosynthesis / photophosphorylation
AT1G45474,9,Photosynthesis / photophosphorylation
AT5G58420,4,Protein biosynthesis / ribosome biogenesis
AT3G45030,0,Protein biosynthesis / ribosome biogenesis
AT5G28060,0,Protein biosynthesis / ribosome biogenesis
AT5G47630,-1,mixed
AT3G44620,6,Photosynthesis
AT4G11175,6,Photosynthesis
AT2G40490,6,Photosynthesis
AT3G14930,6,Photosynthesis
AT3G57785,18,Cellular respiration / oxidative phosphorylation
AT1G74060,0,Protein biosynthesis / ribosome biogenesis
AT5G04800,0,Protein biosynthesis / ribosome biogenesis
AT1G57660,4,Protein biosynthesis / ribosome biogenesis
AT1G57860,4,Protein biosynthesis / ribosome biogenesis
AT1G17880,15,Protein physical control / plastidial protein translocation and insertion
AT1G73230,0,Protein biosynthesis / ribosome biogenesis
AT2G41680,6,Photosynthesis
AT3G07430,6,Photosynthesis
AT2G46540,0,Protein biosynthesis / ribosome biogenesis
AT1G15820,9,Photosynthesis / photophosphorylation
AT2G32180,8,Photosynthesis
AT2G32650,8,Photosynthesis
AT4G14890,8,Photosynthesis
AT3G11510,4,Protein biosynthesis / ribosome biogenesis
AT3G25920,6,Photosynthesis
AT1G56200,11,Photosynthesis
AT1G80920,11,Photosynthesis
AT3G26740,6,Photosynthesis
AT2G31040,10,Photosynthesis
AT2G26900,8,Photosynthesis
AT5G38520,8,Photosynthesis
AT5G40950,8,Photosynthesis
AT3G25520,4,Protein biosynthesis / ribosome biogenesis
AT1G13440,2,mixed
AT4G37930,2,mixed
AT1G04270,0,Protein biosynthesis / ribosome biogenesis
AT4G21445,6,Photosynthesis
AT3G60370,6,Photosynthesis
AT1G09795,8,Photosynthesis
AT3G23390,0,Protein biosynthesis / ribosome biogenesis
AT1G14320,4,Protein biosynthesis / ribosome biogenesis
AT3G49010,4,Protein biosynthesis / ribosome biogenesis
AT1G80230,12,Cellular respiration / oxidative phosphorylation
AT3G62400,12,Cellular respiration / oxidative phosphorylation
AT3G44010,0,Protein biosynthesis / ribosome biogenesis
AT4G00100,4,Protein biosynthesis / ribosome biogenesis
AT1G23290,4,Protein biosynthesis / ribosome biogenesis
AT1G29920,9,Photosynthesis / photophosphorylation
AT4G10340,9,Photosynthesis / photophosphorylation
AT4G17840,8,Photosynthesis
AT3G52560,20,Protein physical control / mitochondrial protein translocation and insertion
AT5G50870,20,Protein physical control / mitochondrial protein translocation and insertion
AT2G47400,6,Photosynthesis
AT5G62575,18,Cellular respiration / oxidative phosphorylation
AT1G61570,2,mixed
AT2G17390,2,mixed
AT1G48350,11,Photosynthesis
AT1G54500,11,Photosynthesis
AT1G32080,8,Photosynthesis
AT2G05070,9,Photosynthesis / photophosphorylation
AT5G01530,9,Photosynthesis / photophosphorylation
AT5G65220,8,Photosynthesis
AT1G42960,11,Photosynthesis
AT1G03330,22,RNA processing
AT2G03870,22,RNA processing
AT4G02770,6,Photosynthesis
AT5G66570,6,Photosynthesis
AT4G34670,4,Protein biosynthesis / ribosome biogenesis
AT1G68590,18,Cellular respiration / oxidative phosphorylation
AT4G22240,1,mixed
AT4G22890,1,mixed
AT1G05190,11,Photosynthesis
AT1G12410,11,Photosynthesis
AT1G66580,4,Protein biosynthesis / ribosome biogenesis
AT5G56670,0,Protein biosynthesis / ribosome biogenesis
AT4G30950,10,Photosynthesis
AT1G79600,10,Photosynthesis
AT5G16470,16,mixed
AT5G55160,16,mixed
AT2G44650,1,mixed
AT5G67030,8,Photosynthesis
AT5G15320,12,Cellular respiration / oxidative phosphorylation
AT5G59613,12,Cellular respiration / oxidative phosphorylation
AT5G42650,18,Cellular respiration / oxidative phosphorylation
AT2G26670,8,Photosynthesis
AT2G26080,1,mixed
AT5G50950,1,mixed
AT1G02560,11,Photosynthesis
AT1G49970,11,Photosynthesis
AT5G45390,11,Photosynthesis
AT1G01100,4,Protein biosynthesis / ribosome biogenesis
AT5G59850,0,Protein biosynthesis / ribosome biogenesis
AT4G09650,6,Photosynthesis
AT3G05590,0,Protein biosynthesis / ribosome biogenesis
AT4G25370,6,Photosynthesis
AT1G70290,6,Photosynthesis
AT2G26240,18,Cellular respiration / oxidative phosphorylation
AT3G06700,4,Protein biosynthesis / ribosome biogenesis
AT3G14290,2,mixed
AT3G22110,2,mixed
AT1G65260,11,Photosynthesis
AT1G09130,11,Photosynthesis
AT3G22230,0,Protein biosynthesis / ribosome biogenesis
AT3G11170,6,Photosynthesis
AT2G15890,13,mixed
AT4G09800,4,Protein biosynthesis / ribosome biogenesis
AT3G47370,4,Protein biosynthesis / ribosome biogenesis
AT3G27160,6,Photosynthesis
AT5G38420,6,Photosynthesis
AT1G75690,18,Cellular respiration / oxidative phosphorylation
AT3G58700,0,Protein biosynthesis / ribosome biogenesis
AT2G20860,18,Cellular respiration / oxidative phosphorylation
AT5G16130,4,Protein biosynthesis / ribosome biogenesis
AT1G03600,11,Photosynthesis
AT5G41520,4,Protein biosynthesis / ribosome biogenesis
AT5G47210,19,Protein biosynthesis
AT3G09840,4,Protein biosynthesis / ribosome biogenesis
AT3G44110,4,Protein biosynthesis / ribosome biogenesis
AT1G15950,4,Protein biosynthesis / ribosome biogenesis
AT5G15802,-1,mixed
AT3G55280,0,Protein biosynthesis / ribosome biogenesis
AT5G47030,18,Cellular respiration / oxidative phosphorylation
AT4G00585,12,Cellular respiration / oxidative phosphorylation
AT3G63490,4,Protein biosynthesis / ribosome biogenesis
AT2G05990,18,Cellular respiration / oxidative phosphorylation
AT3G46040,0,Protein biosynthesis / ribosome biogenesis
AT5G62300,0,Protein biosynthesis / ribosome biogenesis
AT3G43980,0,Protein biosynthesis / ribosome biogenesis
AT3G46430,12,Cellular respiration / oxidative phosphorylation
AT1G56070,19,Protein biosynthesis
AT1G74970,1,mixed
AT5G16710,8,Photosynthesis
AT1G44575,9,Photosynthesis / photophosphorylation
AT1G72370,4,Protein biosynthesis / ribosome biogenesis
AT5G13850,4,Protein biosynthesis / ribosome biogenesis
AT4G38490,18,Cellular respiration / oxidative phosphorylation
AT5G60600,-1,mixed
AT3G56340,4,Protein biosynthesis / ribosome biogenesis
AT4G28030,8,Photosynthesis
AT1G79010,12,Cellular respiration / oxidative phosphorylation
AT2G42310,18,Cellular respiration / oxidative phosphorylation
AT4G29390,0,Protein biosynthesis / ribosome biogenesis
AT5G45775,0,Protein biosynthesis / ribosome biogenesis
AT5G46430,0,Protein biosynthesis / ribosome biogenesis
AT2G40510,0,Protein biosynthesis / ribosome biogenesis
AT5G39740,4,Protein biosynthesis / ribosome biogenesis
AT1G06680,6,Photosynthesis
AT5G42980,3,mixed
AT3G46560,0,Protein biosynthesis / ribosome biogenesis
AT4G21210,8,Photosynthesis
AT5G17870,8,Photosynthesis
AT1G34030,4,Protein biosynthesis / ribosome biogenesis
AT5G10360,4,Protein biosynthesis / ribosome biogenesis
AT5G57290,4,Protein biosynthesis / ribosome biogenesis
AT2G18710,8,Photosynthesis
AT5G35630,1,mixed
AT3G62840,22,RNA processing
AT3G62530,2,mixed
AT4G09000,2,mixed
AT5G10450,2,mixed
AT1G69740,1,mixed
AT5G16620,8,Photosynthesis
AT5G23740,0,Protein biosynthesis / ribosome biogenesis
AT2G36170,4,Protein biosynthesis / ribosome biogenesis
AT5G02790,7,Cytoskeleton organisation
AT5G43850,17,mixed
AT1G32990,4,Protein biosynthesis / ribosome biogenesis
AT3G04920,4,Protein biosynthesis / ribosome biogenesis
AT1G52300,4,Protein biosynthesis / ribosome biogenesis
AT1G66200,1,mixed
AT3G26060,6,Photosynthesis
AT3G43520,6,Photosynthesis
AT5G47700,4,Protein biosynthesis / ribosome biogenesis
AT5G26742,13,mixed
AT2G42740,0,Protein biosynthesis / ribosome biogenesis
AT2G34430,9,Photosynthesis / photophosphorylation
AT3G15850,8,Photosynthesis
AT2G04039,18,Cellular respiration / oxidative phosphorylation
AT1G76200,12,Cellular respiration / oxidative phosphorylation
AT3G47470,9,Photosynthesis / photophosphorylation
AT3G54890,9,Photosynthesis / photophosphorylation
AT1G57720,4,Protein biosynthesis / ribosome biogenesis
AT1G78630,1,mixed
AT5G27850,0,Protein biosynthesis / ribosome biogenesis
AT3G24430,6,Photosynthesis
AT5G02960,0,Protein biosynthesis / ribosome biogenesis
AT4G04020,1,mixed
AT4G17390,0,Protein biosynthesis / ribosome biogenesis
AT4G18730,0,Protein biosynthesis / ribosome biogenesis
AT2G36160,0,Protein biosynthesis / ribosome biogenesis
AT3G21200,24,mixed
AT4G01150,6,Photosynthesis
AT4G34700,12,Cellular respiration / oxidative phosphorylation
AT5G11770,12,Cellular respiration / oxidative phosphorylation
AT5G02610,0,Protein biosynthesis / ribosome biogenesis
AT1G49140,12,Cellular respiration / oxidative phosphorylation
AT5G23120,8,Photosynthesis
AT1G60950,8,Photosynthesis
AT1G15250,0,Protein biosynthesis / ribosome biogenesis
AT4G37830,12,Cellular respiration / oxidative phosphorylation
AT1G75440,20,Protein physical control / mitochondrial protein translocation and insertion
AT5G46800,18,Cellular respiration / oxidative phosphorylation
AT5G27770,4,Protein biosynthesis / ribosome biogenesis
AT4G32060,18,Cellular respiration / oxidative phosphorylation
AT2G18740,22,RNA processing
AT5G03850,0,Protein biosynthesis / ribosome biogenesis
AT5G55220,8,Photosynthesis
AT1G07930,19,Protein biosynthesis
AT5G56710,0,Protein biosynthesis / ribosome biogenesis
AT5G36120,8,Photosynthesis
AT2G43750,1,mixed
AT5G58330,1,mixed
AT2G40765,0,Protein biosynthesis / ribosome biogenesis
AT3G01740,0,Protein biosynthesis / ribosome biogenesis
AT5G28750,10,Photosynthesis
AT1G04410,2,mixed
AT5G09510,4,Protein biosynthesis / ribosome biogenesis
AT4G08870,1,mixed
AT5G50810,2,mixed
AT1G63970,8,Photosynthesis
AT1G44446,6,Photosynthesis
AT3G02690,8,Photosynthesis
AT3G02560,0,Protein biosynthesis / ribosome biogenesis
AT4G32320,6,Photosynthesis
AT5G64140,0,Protein biosynthesis / ribosome biogenesis
AT2G19750,0,Protein biosynthesis / ribosome biogenesis
AT4G02230,0,Protein biosynthesis / ribosome biogenesis
AT1G31330,6,Photosynthesis
AT2G40205,0,Protein biosynthesis / ribosome biogenesis
AT5G62790,8,Photosynthesis
AT2G21170,1,mixed
AT1G72030,8,Photosynthesis
AT3G48000,1,mixed
AT5G02450,0,Protein biosynthesis / ribosome biogenesis
AT5G54270,9,Photosynthesis / photophosphorylation
AT1G66670,11,Photosynthesis
AT4G18100,4,Protein biosynthesis / ribosome biogenesis
AT1G48630,4,Protein biosynthesis / ribosome biogenesis
AT1G52220,11,Photosynthesis
AT5G47570,12,Cellular respiration / oxidative phosphorylation
AT4G02580,0,Protein biosynthesis / ribosome biogenesis
AT1G05385,6,Photosynthesis
AT2G02510,12,Cellular respiration / oxidative phosphorylation
AT2G27720,4,Protein biosynthesis / ribosome biogenesis
AT4G03280,6,Photosynthesis
AT4G26555,11,Photosynthesis
AT5G13410,11,Photosynthesis
AT2G20260,18,Cellular respiration / oxidative phosphorylation
AT1G22780,4,Protein biosynthesis / ribosome biogenesis
AT3G10620,8,Photosynthesis
AT3G01480,6,Photosynthesis
AT3G01130,12,Cellular respiration / oxidative phosphorylation
AT3G58610,1,mixed
AT2G43810,22,RNA processing
AT4G02840,22,RNA processing
AT3G24190,10,Photosynthesis
AT4G37925,10,Photosynthesis
AT5G02502,25,mixed
ATCG00220,25,mixed
AT2G37220,6,Photosynthesis
AT2G38140,6,Photosynthesis
AT3G54660,1,mixed
AT2G27710,4,Protein biosynthesis / ribosome biogenesis
AT1G03630,11,Photosynthesis
AT1G14345,11,Photosynthesis
AT5G14320,1,mixed
AT1G01790,11,Photosynthesis
AT2G43030,6,Photosynthesis
AT3G01390,17,mixed
AT4G11150,17,mixed
AT2G02050,18,Cellular respiration / oxidative phosphorylation
AT5G13440,18,Cellular respiration / oxidative phosphorylation
AT5G61410,6,Photosynthesis
AT3G52930,2,mixed
AT1G74050,0,Protein biosynthesis / ribosome biogenesis
AT1G33040,15,Protein physical control / plastidial protein translocation and insertion
AT4G10480,15,Protein physical control / plastidial protein translocation and insertion
AT5G15200,0,Protein biosynthesis / ribosome biogenesis
AT5G20290,4,Protein biosynthesis / ribosome biogenesis
AT2G21385,2,mixed
AT5G20920,16,mixed
AT3G18890,6,Photosynthesis
AT3G09500,4,Protein biosynthesis / ribosome biogenesis
AT3G59540,0,Protein biosynthesis / ribosome biogenesis
AT3G58680,16,mixed
AT5G42300,16,mixed
AT5G64350,6,Photosynthesis
AT1G05140,8,Photosynthesis
AT5G27760,12,Cellular respiration / oxidative phosphorylation
AT1G12900,14,mixed
AT4G20260,7,Cytoskeleton organisation
AT3G07700,10,Photosynthesis
AT2G46030,20,Protein physical control / mitochondrial protein translocation and insertion
AT5G62540,20,Protein physical control / mitochondrial protein translocation and insertion
AT5G45680,6,Photosynthesis
AT3G23700,11,Photosynthesis
AT1G11750,11,Photosynthesis
AT1G62750,14,mixed
AT2G46280,16,mixed
ATCG00300,25,mixed
AT5G09650,10,Photosynthesis
AT2G21580,0,Protein biosynthesis / ribosome biogenesis
AT4G39200,0,Protein biosynthesis / ribosome biogenesis
AT5G08650,10,Photosynthesis
AT5G01920,11,Photosynthesis
AT5G65430,2,mixed
AT5G60360,23,mixed
AT4G35000,3,mixed
AT4G34110,19,Protein biosynthesis
AT1G62180,8,Photosynthesis
AT3G01120,8,Photosynthesis
AT4G35250,10,Photosynthesis
AT4G39970,10,Photosynthesis
AT4G24280,2,mixed
AT5G43970,18,Cellular respiration / oxidative phosphorylation
AT5G20090,18,Cellular respiration / oxidative phosphorylation
AT4G32260,10,Photosynthesis
AT2G31610,4,Protein biosynthesis / ribosome biogenesis
AT1G55670,6,Photosynthesis
AT1G78915,18,Cellular respiration / oxidative phosphorylation
AT5G04260,8,Photosynthesis
AT5G42270,8,Photosynthesis
AT3G21055,6,Photosynthesis
AT1G41880,0,Protein biosynthesis / ribosome biogenesis
AT1G18170,11,Photosynthesis
AT2G47910,13,mixed
AT2G35490,1,mixed
AT4G34350,10,Photosynthesis
AT1G14400,20,Protein physical control / mitochondrial protein translocation and insertion
AT3G57870,20,Protein physical control / mitochondrial protein translocation and insertion
AT3G47650,6,Photosynthesis
AT2G34420,9,Photosynthesis / photophosphorylation
AT2G32480,8,Photosynthesis
AT4G21105,0,Protein biosynthesis / ribosome biogenesis
AT4G14880,2,mixed
AT5G67590,18,Cellular respiration / oxidative phosphorylation
AT3G55250,2,mixed
ATCG00080,25,mixed
AT2G43910,7,Cytoskeleton organisation
AT3G47430,0,Protein biosynthesis / ribosome biogenesis
AT2G36060,20,Protein physical control / mitochondrial protein translocation and insertion
AT3G08520,0,Protein biosynthesis / ribosome biogenesis
AT5G20180,12,Cellular respiration / oxidative phosphorylation
AT2G45740,0,Protein biosynthesis / ribosome biogenesis
AT2G38740,7,Cytoskeleton organisation
AT1G08550,6,Photosynthesis
AT4G35490,0,Protein biosynthesis / ribosome biogenesis
AT4G25910,18,Cellular respiration / oxidative phosphorylation
AT1G77710,16,mixed
AT4G26840,16,mixed
AT2G43460,0,Protein biosynthesis / ribosome biogenesis
AT1G15390,18,Cellular respiration / oxidative phosphorylation
AT2G21290,18,Cellular respiration / oxidative phosphorylation
AT5G57815,18,Cellular respiration / oxidative phosphorylation
AT4G29480,12,Cellular respiration / oxidative phosphorylation
AT5G08040,12,Cellular respiration / oxidative phosphorylation
AT3G61440,1,mixed
AT5G52920,1,mixed
AT1G77940,0,Protein biosynthesis / ribosome biogenesis
AT4G31780,10,Photosynthesis
AT2G20450,0,Protein biosynthesis / ribosome biogenesis
AT4G14320,0,Protein biosynthesis / ribosome biogenesis
AT5G18800,18,Cellular respiration / oxidative phosphorylation
AT5G49910,11,Photosynthesis
AT2G02760,20,Protein physical control / mitochondrial protein translocation and insertion
AT3G56020,0,Protein biosynthesis / ribosome biogenesis
AT3G51820,6,Photosynthesis
AT1G43560,13,mixed
AT2G35410,13,mixed
AT1G64680,2,mixed
AT3G13120,1,mixed
AT4G01310,1,mixed
AT5G50250,8,Photosynthesis
AT5G38410,6,Photosynthesis
AT4G25890,4,Protein biosynthesis / ribosome biogenesis
AT5G45040,-1,mixed
AT3G23490,6,Photosynthesis
AT3G62560,7,Cytoskeleton organisation
AT4G31530,8,Photosynthesis
AT1G19910,5,Solute transport
AT4G09350,8,Photosynthesis
AT1G10370,0,Protein biosynthesis / ribosome biogenesis
AT1G67785,12,Cellular respiration / oxidative phosphorylation
AT2G16930,12,Cellular respiration / oxidative phosphorylation
AT2G22425,26,mixed
AT2G45070,26,mixed
AT2G40100,8,Photosynthesis
AT1G64510,13,mixed
AT3G23400,1,mixed
AT4G02530,1,mixed
AT1G23740,14,mixed
AT4G20360,14,mixed
AT1G55805,8,Photosynthesis
AT1G51400,6,Photosynthesis
AT2G29530,18,Cellular respiration / oxidative phosphorylation
AT4G28060,18,Cellular respiration / oxidative phosphorylation
AT4G36800,20,Protein physical control / mitochondrial protein translocation and insertion
AT3G15660,0,Protein biosynthesis / ribosome biogenesis
AT5G08290,16,mixed
AT5G54600,18,Cellular respiration / oxidative phosphorylation
AT1G20580,22,RNA processing
AT5G35530,4,Protein biosynthesis / ribosome biogenesis
AT2G21870,2,mixed
AT4G33680,10,Photosynthesis
AT5G16050,2,mixed
AT5G38480,2,mixed
AT4G27990,10,Photosynthesis
AT3G58010,1,mixed
AT1G79550,2,mixed
AT1G76730,1,mixed
AT3G12390,15,Protein physical control / plastidial protein translocation and insertion
AT4G39710,6,Photosynthesis
AT5G16060,18,Cellular respiration / oxidative phosphorylation
AT3G55170,0,Protein biosynthesis / ribosome biogenesis
AT4G02080,7,Cytoskeleton organisation
AT5G60390,19,Protein biosynthesis
AT5G03940,6,Photosynthesis
AT2G38270,18,Cellular respiration / oxidative phosphorylation
AT1G01820,0,Protein biosynthesis / ribosome biogenesis
AT3G54050,6,Photosynthesis
AT3G55800,6,Photosynthesis
AT2G39390,0,Protein biosynthesis / ribosome biogenesis
AT1G67740,-1,mixed
AT2G34860,11,Photosynthesis
AT3G44890,1,mixed
AT1G01050,16,mixed
AT4G01480,16,mixed
AT1G01800,0,Protein biosynthesis / ribosome biogenesis
AT3G04550,6,Photosynthesis
AT1G11530,18,Cellular respiration / oxidative phosphorylation
AT1G15120,18,Cellular respiration / oxidative phosphorylation
AT4G23890,6,Photosynthesis
AT1G61520,9,Photosynthesis / photophosphorylation
AT3G62790,22,RNA processing
AT5G04490,8,Photosynthesis
AT1G77440,2,mixed
AT5G05370,12,Cellular respiration / oxidative phosphorylation
AT4G30330,22,RNA processing
AT4G21192,12,Cellular respiration / oxidative phosphorylation
AT1G01090,18,Cellular respiration / oxidative phosphorylation
AT5G47930,0,Protein biosynthesis / ribosome biogenesis
AT5G16390,6,Photosynthesis
AT1G21720,2,mixed
AT1G74880,18,Cellular respiration / oxidative phosphorylation
AT5G02120,10,Photosynthesis
AT2G30950,8,Photosynthesis
AT3G22890,8,Photosynthesis
AT1G08520,11,Photosynthesis
AT4G31700,4,Protein biosynthesis / ribosome biogenesis
AT1G20020,14,mixed
AT2G25080,6,Photosynthesis
AT5G06290,6,Photosynthesis
AT2G23930,22,RNA processing
AT4G28660,10,Photosynthesis
AT4G37040,18,Cellular respiration / oxidative phosphorylation
ATCG01020,0,Protein biosynthesis / ribosome biogenesis
AT3G10610,0,Protein biosynthesis / ribosome biogenesis
AT5G13630,18,Cellular respiration / oxidative phosphorylation
AT5G41685,12,Cellular respiration / oxidative phosphorylation
AT3G61110,0,Protein biosynthesis / ribosome biogenesis
AT4G38800,7,Cytoskeleton organisation
AT5G26880,8,Photosynthesis
AT3G09210,8,Photosynthesis
AT1G67280,1,mixed
AT3G10130,-1,mixed
AT3G47833,0,Protein biosynthesis / ribosome biogenesis
AT2G29630,6,Photosynthesis
AT1G08640,18,Cellular respiration / oxidative phosphorylation
AT1G79850,1,mixed
AT3G60210,1,mixed
AT1G20810,11,Photosynthesis
AT4G04640,6,Photosynthesis
AT1G11860,1,mixed
AT3G12120,10,Photosynthesis
AT5G05580,10,Photosynthesis
AT3G27820,0,Protein biosynthesis / ribosome biogenesis
AT3G52880,0,Protein biosynthesis / ribosome biogenesis
AT2G46390,0,Protein biosynthesis / ribosome biogenesis
AT5G42190,-1,mixed
AT1G54130,10,Photosynthesis
AT3G54210,6,Photosynthesis
AT4G02510,-1,mixed
AT2G38230,0,Protein biosynthesis / ribosome biogenesis
AT1G07070,0,Protein biosynthesis / ribosome biogenesis
AT5G09770,0,Protein biosynthesis / ribosome biogenesis
AT1G67430,4,Protein biosynthesis / ribosome biogenesis
AT5G14040,18,Cellular respiration / oxidative phosphorylation
AT1G76570,9,Photosynthesis / photophosphorylation
AT1G10630,7,Cytoskeleton organisation
AT5G08050,10,Photosynthesis
AT4G11600,1,mixed
AT2G07340,22,RNA processing
AT1G29910,9,Photosynthesis / photophosphorylation
AT4G35760,8,Photosynthesis
AT1G56045,0,Protein biosynthesis / ribosome biogenesis
AT1G32200,8,Photosynthesis
AT5G57930,8,Photosynthesis
AT4G01850,4,Protein biosynthesis / ribosome biogenesis
AT1G26630,4,Protein biosynthesis / ribosome biogenesis
AT4G28750,6,Photosynthesis
AT4G27960,20,Protein physical control / mitochondrial protein translocation and insertion
AT3G07590,22,RNA processing
AT5G19510,0,Protein biosynthesis / ribosome biogenesis
AT5G04140,1,mixed
AT2G45640,16,mixed
AT2G47690,22,RNA processing
AT1G54780,11,Photosynthesis
AT5G08060,12,Cellular respiration / oxidative phosphorylation
AT2G27530,0,Protein biosynthesis / ribosome biogenesis
AT5G58060,-1,mixed
AT1G53210,5,Solute transport
AT2G38170,5,Solute transport
AT2G24020,10,Photosynthesis
AT5G14260,18,Cellular respiration / oxidative phosphorylation
AT1G20693,15,Protein physical control / plastidial protein translocation and insertion
AT1G20696,15,Protein physical control / plastidial protein translocation and insertion
AT3G02790,16,mixed
AT3G59810,22,RNA processing
AT1G31812,16,mixed
AT1G64230,20,Protein physical control / mitochondrial protein translocation and insertion
AT5G09810,21,Protein homeostasis
AT2G33800,1,mixed
AT3G03920,19,Protein biosynthesis
AT3G12780,14,mixed
AT3G10090,0,Protein biosynthesis / ribosome biogenesis
AT2G26740,16,mixed
AT1G50250,11,Photosynthesis
AT4G30620,10,Photosynthesis
AT1G30230,4,Protein biosynthesis / ribosome biogenesis
AT4G02450,4,Protein biosynthesis / ribosome biogenesis
AT1G56500,27,mixed
AT3G25690,27,mixed
AT1G56330,7,Cytoskeleton organisation
AT3G11120,0,Protein biosynthesis / ribosome biogenesis
AT5G54770,18,Cellular respiration / oxidative phosphorylation
AT1G11910,23,mixed
AT1G06430,8,Photosynthesis
AT4G27030,8,Photosynthesis
AT3G12580,2,mixed
AT5G56030,2,mixed
AT4G31870,6,Photosynthesis
AT5G24314,13,mixed
AT1G16030,2,mixed
AT3G09440,2,mixed
AT2G33220,12,Cellular respiration / oxidative phosphorylation
AT5G01410,0,Protein biosynthesis / ribosome biogenesis
AT5G48300,11,Photosynthesis
AT3G08580,2,mixed
AT1G04630,12,Cellular respiration / oxidative phosphorylation
AT1G74340,-1,mixed
AT3G08690,20,Protein physical control / mitochondrial protein translocation and insertion
AT1G47420,2,mixed
AT1G42970,14,mixed
AT1G16890,20,Protein physical control / mitochondrial protein translocation and insertion
AT1G13820,8,Photosynthesis
AT2G01090,18,Cellular respiration / oxidative phosphorylation
AT3G51010,18,Cellular respiration / oxidative phosphorylation
AT1G78870,20,Protein physical control / mitochondrial protein translocation and insertion
AT3G51880,15,Protein physical control / plastidial protein translocation and insertion
AT5G45930,6,Photosynthesis
AT4G13940,0,Protein biosynthesis / ribosome biogenesis
AT1G55490,14,mixed
AT4G39040,10,Photosynthesis
AT5G24120,18,Cellular respiration / oxidative phosphorylation
AT1G53030,18,Cellular respiration / oxidative phosphorylation
AT4G36810,6,Photosynthesis
AT5G19855,18,Cellular respiration / oxidative phosphorylation
AT2G43920,7,Cytoskeleton organisation
AT2G33040,2,mixed
AT1G70490,7,Cytoskeleton organisation
AT4G15560,8,Photosynthesis
AT1G08380,9,Photosynthesis / photophosphorylation
AT5G50850,2,mixed
AT1G78300,7,Cytoskeleton organisation
AT4G17170,7,Cytoskeleton organisation
AT5G63310,13,mixed
AT3G27925,13,mixed
AT3G58140,1,mixed
AT1G69390,18,Cellular respiration / oxidative phosphorylation
AT5G20500,3,mixed
AT1G21190,22,RNA processing
AT5G37475,-1,mixed
AT2G13360,1,mixed
AT2G42590,2,mixed
AT4G16450,0,Protein biosynthesis / ribosome biogenesis
AT2G03390,11,Photosynthesis
AT1G07320,14,mixed
AT5G23140,2,mixed
AT5G17920,2,mixed
AT4G18710,4,Protein biosynthesis / ribosome biogenesis
AT2G39460,4,Protein biosynthesis / ribosome biogenesis
AT2G43710,8,Photosynthesis
ATCG00280,9,Photosynthesis / photophosphorylation
ATCG00340,9,Photosynthesis / photophosphorylation
AT3G18780,21,Protein homeostasis
AT1G79230,1,mixed
AT1G73655,6,Photosynthesis
AT5G18140,6,Photosynthesis
AT3G12587,25,mixed
AT1G10522,8,Photosynthesis
AT5G06340,8,Photosynthesis
AT1G73030,0,Protein biosynthesis / ribosome biogenesis
AT3G26570,6,Photosynthesis
AT3G53740,0,Protein biosynthesis / ribosome biogenesis
AT3G02900,8,Photosynthesis
AT5G09660,2,mixed
AT1G35680,11,Photosynthesis
AT1G15500,-1,mixed
AT2G44860,4,Protein biosynthesis / ribosome biogenesis
AT1G19570,2,mixed
AT2G30860,2,mixed
AT1G43670,-1,mixed
AT5G48220,0,Protein biosynthesis / ribosome biogenesis
AT1G04240,28,Phytohormone action / auxin perception and signal transduction
AT3G04730,28,Phytohormone action / auxin perception and signal transduction
AT1G68830,-1,mixed
AT4G37000,-1,mixed
ATCG00810,0,Protein biosynthesis / ribosome biogenesis
AT2G42130,6,Photosynthesis
AT5G52840,18,Cellular respiration / oxidative phosphorylation
AT1G64970,11,Photosynthesis
AT1G10360,7,Cytoskeleton organisation
AT1G56190,2,mixed
AT2G22670,28,Phytohormone action / auxin perception and signal transduction
AT1G68660,8,Photosynthesis
AT1G74920,1,mixed
AT4G39090,23,mixed
AT1G32060,14,mixed
AT4G31300,2,mixed
AT1G53240,2,mixed
AT1G79790,6,Photosynthesis
AT1G09340,6,Photosynthesis
AT1G80380,2,mixed
AT3G24500,-1,mixed
AT3G12290,6,Photosynthesis
AT1G23260,20,Protein physical control / mitochondrial protein translocation and insertion
AT2G20630,-1,mixed
AT5G40370,3,mixed
AT2G01918,8,Photosynthesis
AT3G59400,8,Photosynthesis
AT5G58870,8,Photosynthesis
AT4G16830,19,Protein biosynthesis
AT3G48560,6,Photosynthesis
AT4G14716,17,mixed
AT2G19830,0,Protein biosynthesis / ribosome biogenesis
AT4G29160,0,Protein biosynthesis / ribosome biogenesis
ATCG00790,0,Protein biosynthesis / ribosome biogenesis
AT5G48810,29,mixed
AT5G53560,29,mixed
AT5G64290,8,Photosynthesis
AT5G27700,4,Protein biosynthesis / ribosome biogenesis
AT4G13720,4,Protein biosynthesis / ribosome biogenesis
AT2G47730,3,mixed
AT3G49470,15,Protein physical control / plastidial protein translocation and insertion
AT3G26650,14,mixed
AT4G34120,18,Cellular respiration / oxidative phosphorylation
AT5G35360,8,Photosynthesis
AT1G22300,2,mixed
AT5G66190,14,mixed
AT1G32580,8,Photosynthesis
AT3G03780,2,mixed
AT4G09320,2,mixed
AT5G51720,1,mixed
AT3G06310,18,Cellular respiration / oxidative phosphorylation
AT3G03890,24,mixed
AT4G30580,10,Photosynthesis
AT4G33250,7,Cytoskeleton organisation
AT3G19170,1,mixed
AT5G52370,18,Cellular respiration / oxidative phosphorylation
AT2G39000,-1,mixed
AT2G17240,2,mixed
AT2G24820,6,Photosynthesis
AT2G24860,-1,mixed
AT5G47435,18,Cellular respiration / oxidative phosphorylation
AT1G25260,4,Protein biosynthesis / ribosome biogenesis
AT5G11340,4,Protein biosynthesis / ribosome biogenesis
AT4G17520,19,Protein biosynthesis
AT1G03130,6,Photosynthesis
AT1G20260,0,Protein biosynthesis / ribosome biogenesis
AT3G48730,6,Photosynthesis
AT3G58730,7,Cytoskeleton organisation
AT1G67350,22,RNA processing
AT1G02160,12,Cellular respiration / oxidative phosphorylation
AT1G54520,11,Photosynthesis
AT5G63570,6,Photosynthesis
AT1G49240,21,Protein homeostasis
AT2G34590,2,mixed
AT1G11840,1,mixed
AT5G19220,11,Photosynthesis
AT5G51020,-1,mixed
AT4G18370,13,mixed
AT3G47520,1,mixed
AT3G01440,8,Photosynthesis
AT5G43050,-1,mixed
AT2G05620,-1,mixed
AT4G14960,21,Protein homeostasis
AT4G13590,8,Photosynthesis
AT2G35795,1,mixed
AT1G77370,3,mixed
AT5G15220,12,Cellular respiration / oxidative phosphorylation
AT2G33450,6,Photosynthesis
ATCG00020,9,Photosynthesis / photophosphorylation
AT2G20725,-1,mixed
